"fam_id"	"ind_id"	"father_id"	"mother_id"	"sex"	"pheno"
"AU0162"	"AU016203"	"0"	"AU016201"	"1"	"1"
"AU0812"	"AU081206"	"AU081202"	"0"	"1"	"1"
"AU1065"	"AU1065301"	"0"	"AU1065202"	"1"	"1"
"AU2756"	"AU2756305"	"AU2756201"	"AU2756202"	"1"	"1"
"AU1348"	"AU1348302"	"0"	"AU1348202"	"1"	"1"
"AU0194"	"AU019404"	"0"	"AU019401"	"1"	"1"
"AU1921"	"AU1921302"	"AU1921201"	"0"	"1"	"1"
"AU3199"	"AU3199301"	"AU3199201"	"AU3199202"	"1"	"1"
"AU1025"	"AU1025302"	"0"	"AU1025202"	"1"	"1"
